{
    "index_patterns": ["awswaf-*"],
    "settings": {
    "number_of_shards": 1
    },
    "mappings": {
        "properties": {
          "httpRequest": {
            "properties": {
              "clientIp": {
                "type": "keyword",
                "fields": {
                  "keyword": {
                    "type": "ip"
                  }
                }
              }
            }
          },
          "timestamp": {
            "type": "date",
            "format": "epoch_millis"
          }
      }
  }
}